Código da Receita;Descrição Receita;Valor (R$);Quantidade;Ano;Última Atualização Relatório
9999;A classificar;4.755,2;53;1996;30/11/2023 19:01
9999;A classificar;97.610,9;144;1997;30/11/2023 19:01
9999;A classificar;184.841,8;271;1998;30/11/2023 19:01
9999;A classificar;45.816,8;218;1999;30/11/2023 19:01
9999;A classificar;154.251,1;205;2000;30/11/2023 19:01
9999;A classificar;891.317,2;184;2001;30/11/2023 19:01
9999;A classificar;354.090,2;1542;2002;30/11/2023 19:01
9999;A classificar;503.622,8;577;2003;30/11/2023 19:01
9999;A classificar;1.539.904;959;2004;30/11/2023 19:01
9999;A classificar;2.176,5;25;2005;30/11/2023 19:01
9999;A classificar;1.074,4;12;2006;30/11/2023 19:01
9999;A classificar;51,1;1;2008;30/11/2023 19:01
1126;Alienação de bem apreendido;2.686,2;3;1998;30/11/2023 19:01
1126;Alienação de bem apreendido;2.164,9;2;1999;30/11/2023 19:01
1126;Alienação de bem apreendido;4.703,3;4;2000;30/11/2023 19:01
1126;Alienação de bem apreendido;5.061;10;2001;30/11/2023 19:01
4128;Alienação de bem apreendido - Flora;2.983,9;10;1997;30/11/2023 19:01
4128;Alienação de bem apreendido - Flora;10.750,3;67;1998;30/11/2023 19:01
4128;Alienação de bem apreendido - Flora;15.725,3;52;1999;30/11/2023 19:01
4128;Alienação de bem apreendido - Flora;18.244,3;40;2000;30/11/2023 19:01
4128;Alienação de bem apreendido - Flora;7.589,3;18;2001;30/11/2023 19:01
4128;Alienação de bem apreendido - Flora;323,1;1;2002;30/11/2023 19:01
4128;Alienação de bem apreendido - Flora;1.121,9;7;2004;30/11/2023 19:01
4128;Alienação de bem apreendido - Flora;662,3;2;2005;30/11/2023 19:01
4128;Alienação de bem apreendido - Flora;13.380,4;15;2006;30/11/2023 19:01
4128;Alienação de bem apreendido - Flora;110,5;1;2007;30/11/2023 19:01
4128;Alienação de bem apreendido - Flora;441,9;4;2008;30/11/2023 19:01
1146;Alienação de bem imóvel;484,9;3;1997;30/11/2023 19:01
1146;Alienação de bem imóvel;261,1;1;1999;30/11/2023 19:01
1776;Atualização monetária;784;4;1998;30/11/2023 19:01
6037;Autorização p/competição de pesca amadora;250;1;1999;30/11/2023 19:01
6037;Autorização p/competição de pesca amadora;750;3;2002;30/11/2023 19:01
4039;Autorização p/consumo de matéria prima florestal;107;1;1998;30/11/2023 19:01
4039;Autorização p/consumo de matéria prima florestal;37.005,1;169;2001;30/11/2023 19:01
4039;Autorização p/consumo de matéria prima florestal;165.996,9;709;2002;30/11/2023 19:01
4039;Autorização p/consumo de matéria prima florestal;61.772,1;314;2003;30/11/2023 19:01
4039;Autorização p/consumo de matéria prima florestal;23.879,3;80;2004;30/11/2023 19:01
4039;Autorização p/consumo de matéria prima florestal;18.523,2;81;2005;30/11/2023 19:01
4039;Autorização p/consumo de matéria prima florestal;26.888,2;128;2006;30/11/2023 19:01
4039;Autorização p/consumo de matéria prima florestal;5.324;24;2007;30/11/2023 19:01
4039;Autorização p/consumo de matéria prima florestal;9.924;27;2008;30/11/2023 19:01
4039;Autorização p/consumo de matéria prima florestal;4.817,7;22;2009;30/11/2023 19:01
4039;Autorização p/consumo de matéria prima florestal;2.044;5;2010;30/11/2023 19:01
4039;Autorização p/consumo de matéria prima florestal;643,4;5;2011;30/11/2023 19:01
4039;Autorização p/consumo de matéria prima florestal;1.052,1;2;2014;30/11/2023 19:01
4039;Autorização p/consumo de matéria prima florestal;3.481,7;2;2015;30/11/2023 19:01
4039;Autorização p/consumo de matéria prima florestal;786,1;6;2016;30/11/2023 19:01
4039;Autorização p/consumo de matéria prima florestal;3.301,1;4;2017;30/11/2023 19:01
4039;Autorização p/consumo de matéria prima florestal;1.313,2;6;2019;30/11/2023 19:01
4039;Autorização p/consumo de matéria prima florestal;1.202,3;13;2020;30/11/2023 19:01
4039;Autorização p/consumo de matéria prima florestal;580,2;5;2022;30/11/2023 19:01
4039;Autorização p/consumo de matéria prima florestal;762,6;14;2023;30/11/2023 19:01
5627;Autorização p/importação, prod. e com. de mercúrio;125,4;1;1998;30/11/2023 19:01
5627;Autorização p/importação, prod. e com. de mercúrio;131,6;1;1999;30/11/2023 19:01
5627;Autorização p/importação, prod. e com. de mercúrio;4.093,5;32;2001;30/11/2023 19:01
5627;Autorização p/importação, prod. e com. de mercúrio;12.399,7;85;2002;30/11/2023 19:01
5627;Autorização p/importação, prod. e com. de mercúrio;363,3;2;2003;30/11/2023 19:01
5627;Autorização p/importação, prod. e com. de mercúrio;765,2;3;2004;30/11/2023 19:01
5627;Autorização p/importação, prod. e com. de mercúrio;239,9;1;2005;30/11/2023 19:01
5627;Autorização p/importação, prod. e com. de mercúrio;6.991,7;26;2007;30/11/2023 19:01
5627;Autorização p/importação, prod. e com. de mercúrio;278,9;1;2008;30/11/2023 19:01
5627;Autorização p/importação, prod. e com. de mercúrio;2.549,6;8;2009;30/11/2023 19:01
5627;Autorização p/importação, prod. e com. de mercúrio;447,2;1;2011;30/11/2023 19:01
4078;Autorização p/transporte de produto florestal - ATPF;820,1;5;1998;30/11/2023 19:01
4078;Autorização p/transporte de produto florestal - ATPF;50;1;1999;30/11/2023 19:01
4078;Autorização p/transporte de produto florestal - ATPF;52,7;2;2000;30/11/2023 19:01
4078;Autorização p/transporte de produto florestal - ATPF;30.378,8;460;2001;30/11/2023 19:01
4078;Autorização p/transporte de produto florestal - ATPF;8.825;167;2002;30/11/2023 19:01
4078;Autorização p/transporte de produto florestal - ATPF;88,6;7;2003;30/11/2023 19:01
4078;Autorização p/transporte de produto florestal - ATPF;20;2;2004;30/11/2023 19:01
4078;Autorização p/transporte de produto florestal - ATPF;170;9;2005;30/11/2023 19:01
4078;Autorização p/transporte de produto florestal - ATPF;353,8;8;2006;30/11/2023 19:01
4078;Autorização p/transporte de produto florestal - ATPF;19,8;1;2007;30/11/2023 19:01
4078;Autorização p/transporte de produto florestal - ATPF;15,6;1;2009;30/11/2023 19:01
4035;Autorização p/uso do fogo em queimada controlada;851,2;3;1996;30/11/2023 19:01
4035;Autorização p/uso do fogo em queimada controlada;3.879,8;13;1997;30/11/2023 19:01
4035;Autorização p/uso do fogo em queimada controlada;998,5;10;1998;30/11/2023 19:01
4035;Autorização p/uso do fogo em queimada controlada;5.925,8;17;1999;30/11/2023 19:01
4035;Autorização p/uso do fogo em queimada controlada;3.552;11;2000;30/11/2023 19:01
4035;Autorização p/uso do fogo em queimada controlada;364,6;28;2001;30/11/2023 19:01
4035;Autorização p/uso do fogo em queimada controlada;564,7;5;2002;30/11/2023 19:01
4035;Autorização p/uso do fogo em queimada controlada;2.643,9;44;2003;30/11/2023 19:01
4035;Autorização p/uso do fogo em queimada controlada;1.060,6;42;2004;30/11/2023 19:01
4035;Autorização p/uso do fogo em queimada controlada;827,6;53;2005;30/11/2023 19:01
4035;Autorização p/uso do fogo em queimada controlada;86,7;13;2006;30/11/2023 19:01
4035;Autorização p/uso do fogo em queimada controlada;70,2;9;2007;30/11/2023 19:01
4035;Autorização p/uso do fogo em queimada controlada;6.186,6;1;2008;30/11/2023 19:01
4035;Autorização p/uso do fogo em queimada controlada;6;1;2010;30/11/2023 19:01
5035;Autorização para supressão de vegetação;1.050;3;1999;30/11/2023 19:01
5035;Autorização para supressão de vegetação;71.819,5;283;2000;30/11/2023 19:01
5035;Autorização para supressão de vegetação;75.791,9;246;2001;30/11/2023 19:01
5035;Autorização para supressão de vegetação;72.741,7;128;2002;30/11/2023 19:01
5035;Autorização para supressão de vegetação;23.628;111;2003;30/11/2023 19:01
5035;Autorização para supressão de vegetação;23.349,2;114;2004;30/11/2023 19:01
5035;Autorização para supressão de vegetação;7.292,7;47;2005;30/11/2023 19:01
5035;Autorização para supressão de vegetação;12.920,4;20;2006;30/11/2023 19:01
5035;Autorização para supressão de vegetação;133;1;2007;30/11/2023 19:01
5035;Autorização para supressão de vegetação;12.023,2;16;2008;30/11/2023 19:01
5035;Autorização para supressão de vegetação;2.047,4;3;2009;30/11/2023 19:01
5037;Avaliação do potencial de dispersante químico;133;1;2002;30/11/2023 19:01
5037;Avaliação do potencial de dispersante químico;266;2;2004;30/11/2023 19:01
5027;Avaliação/análise - Controle Ambiental (PPA);23.912,8;3;1998;30/11/2023 19:01
5027;Avaliação/análise - Controle Ambiental (PPA);53.657,7;31;2000;30/11/2023 19:01
5027;Avaliação/análise - Controle Ambiental (PPA);83.325,1;18;2001;30/11/2023 19:01
5027;Avaliação/análise - Controle Ambiental (PPA);31.915,9;8;2002;30/11/2023 19:01
5027;Avaliação/análise - Controle Ambiental (PPA);3.313;2;2003;30/11/2023 19:01
5027;Avaliação/análise - Controle Ambiental (PPA);40.602;34;2004;30/11/2023 19:01
5027;Avaliação/análise - Controle Ambiental (PPA);100.884,4;113;2005;30/11/2023 19:01
5027;Avaliação/análise - Controle Ambiental (PPA);52.180,9;65;2006;30/11/2023 19:01
5027;Avaliação/análise - Controle Ambiental (PPA);45.536,6;42;2007;30/11/2023 19:01
5027;Avaliação/análise - Controle Ambiental (PPA);84.444,2;44;2008;30/11/2023 19:01
5027;Avaliação/análise - Controle Ambiental (PPA);47.095,5;25;2009;30/11/2023 19:01
5027;Avaliação/análise - Controle Ambiental (PPA);101.574,5;37;2010;30/11/2023 19:01
5027;Avaliação/análise - Controle Ambiental (PPA);67.342,8;23;2011;30/11/2023 19:01
5027;Avaliação/análise - Controle Ambiental (PPA);49.254;15;2012;30/11/2023 19:01
5027;Avaliação/análise - Controle Ambiental (PPA);97.967,6;19;2013;30/11/2023 19:01
5027;Avaliação/análise - Controle Ambiental (PPA);1.760.643,6;222;2014;30/11/2023 19:01
5027;Avaliação/análise - Controle Ambiental (PPA);4.162.120,3;505;2015;30/11/2023 19:01
5027;Avaliação/análise - Controle Ambiental (PPA);13.133.757,7;362;2016;30/11/2023 19:01
5027;Avaliação/análise - Controle Ambiental (PPA);12.204.722,7;233;2017;30/11/2023 19:01
5027;Avaliação/análise - Controle Ambiental (PPA);2.016.708,4;49;2018;30/11/2023 19:01
5027;Avaliação/análise - Controle Ambiental (PPA);344.554,4;57;2019;30/11/2023 19:01
5027;Avaliação/análise - Controle Ambiental (PPA);1.567.270,3;42;2020;30/11/2023 19:01
5027;Avaliação/análise - Controle Ambiental (PPA);3.265.428,2;55;2021;30/11/2023 19:01
5027;Avaliação/análise - Controle Ambiental (PPA);1.471.661,4;194;2022;30/11/2023 19:01
5027;Avaliação/análise - Controle Ambiental (PPA);55.904,8;23;2023;30/11/2023 19:01
5025;Avaliação/análise - Licenciamento Ambiental;13.393,4;1;2016;30/11/2023 19:01
5025;Avaliação/análise - Licenciamento Ambiental;3.629,6;1;2019;30/11/2023 19:01
3577;Expedição e renovação de carteira da fauna;25.658,3;2526;1997;30/11/2023 19:01
3577;Expedição e renovação de carteira da fauna;21.984,4;1931;1998;30/11/2023 19:01
3437;Expedição ou renovação anual de carteira - Fauna;59,8;2;2008;30/11/2023 19:01
1273;Honorários advocaticios;50,2;1;1999;30/11/2023 19:01
1273;Honorários advocaticios;3.453,8;9;2000;30/11/2023 19:01
1273;Honorários advocaticios;7.162,8;24;2001;30/11/2023 19:01
1273;Honorários advocaticios;6.740,3;25;2002;30/11/2023 19:01
1273;Honorários advocaticios;24.371,2;43;2003;30/11/2023 19:01
1273;Honorários advocaticios;10.485,4;26;2004;30/11/2023 19:01
1273;Honorários advocaticios;14.168,2;34;2005;30/11/2023 19:01
1273;Honorários advocaticios;5.978,8;25;2006;30/11/2023 19:01
1273;Honorários advocaticios;4.091,8;18;2007;30/11/2023 19:01
1273;Honorários advocaticios;859,7;2;2015;30/11/2023 19:01
1273;Honorários advocaticios;565,8;10;2016;30/11/2023 19:01
1273;Honorários advocaticios;708,8;12;2017;30/11/2023 19:01
1273;Honorários advocaticios;728,5;12;2018;30/11/2023 19:01
1273;Honorários advocaticios;619,2;10;2019;30/11/2023 19:01
1273;Honorários advocaticios;126,2;2;2020;30/11/2023 19:01
1273;Honorários advocaticios;703,4;11;2021;30/11/2023 19:01
1209;Indenização;18.150;77;1996;30/11/2023 19:01
1209;Indenização;42.643,5;175;1997;30/11/2023 19:01
1209;Indenização;50.132,9;107;1998;30/11/2023 19:01
1209;Indenização;10.878,7;28;1999;30/11/2023 19:01
1209;Indenização;4.414,8;20;2000;30/11/2023 19:01
1209;Indenização;225,2;2;2001;30/11/2023 19:01
1209;Indenização;2.047,3;15;2003;30/11/2023 19:01
1209;Indenização;650,8;9;2004;30/11/2023 19:01
1209;Indenização;1.084,3;5;2005;30/11/2023 19:01
1209;Indenização;75,8;1;2006;30/11/2023 19:01
1209;Indenização;3.166,4;3;2007;30/11/2023 19:01
1209;Indenização;335,3;3;2009;30/11/2023 19:01
3209;Indenização da fauna;675,2;2;1997;30/11/2023 19:01
3209;Indenização da fauna;1.745,6;5;1998;30/11/2023 19:01
7087;Ingresso/Visitação;12.857,4;5;1998;30/11/2023 19:01
7087;Ingresso/Visitação;1.819,7;1;2001;30/11/2023 19:01
7087;Ingresso/Visitação;3.639,4;2;2002;30/11/2023 19:01
7087;Ingresso/Visitação;47,2;1;2004;30/11/2023 19:01
7087;Ingresso/Visitação;86,9;1;2006;30/11/2023 19:01
4045;Inspeção florestal diversa;233.211,2;604;1997;30/11/2023 19:01
4045;Inspeção florestal diversa;276.326,6;834;1998;30/11/2023 19:01
4045;Inspeção florestal diversa;296.751;890;1999;30/11/2023 19:01
4045;Inspeção florestal diversa;190.169,4;544;2000;30/11/2023 19:01
4045;Inspeção florestal diversa;59.999,4;177;2001;30/11/2023 19:01
4045;Inspeção florestal diversa;50.058,9;127;2002;30/11/2023 19:01
4045;Inspeção florestal diversa;36.743;90;2003;30/11/2023 19:01
4045;Inspeção florestal diversa;25.406,1;70;2004;30/11/2023 19:01
4045;Inspeção florestal diversa;3.720,4;13;2005;30/11/2023 19:01
4045;Inspeção florestal diversa;39.974,4;69;2006;30/11/2023 19:01
4045;Inspeção florestal diversa;11.182,4;14;2007;30/11/2023 19:01
4045;Inspeção florestal diversa;2.917,7;5;2008;30/11/2023 19:01
4045;Inspeção florestal diversa;5.962,8;9;2009;30/11/2023 19:01
4045;Inspeção florestal diversa;765,7;1;2010;30/11/2023 19:01
3045;Inspeção, vistoria, análise e autorização - Fauna;200;2;1997;30/11/2023 19:01
3045;Inspeção, vistoria, análise e autorização - Fauna;100;1;1998;30/11/2023 19:01
3045;Inspeção, vistoria, análise e autorização - Fauna;225;2;2000;30/11/2023 19:01
3045;Inspeção, vistoria, análise e autorização - Fauna;230,4;2;2007;30/11/2023 19:01
3367;Liberação de arma apreendida - Fauna;1.125,6;10;1996;30/11/2023 19:01
3017;Licença da fauna;3.854,3;51;1996;30/11/2023 19:01
3017;Licença da fauna;1.996;40;1997;30/11/2023 19:01
3017;Licença da fauna;4.760,3;86;1998;30/11/2023 19:01
3017;Licença da fauna;5.843,8;125;1999;30/11/2023 19:01
3017;Licença da fauna;4.985;163;2000;30/11/2023 19:01
3017;Licença da fauna;2.667,8;95;2001;30/11/2023 19:01
3017;Licença da fauna;4.882,3;168;2002;30/11/2023 19:01
3017;Licença da fauna;594,3;27;2003;30/11/2023 19:01
3017;Licença da fauna;1.889,2;68;2004;30/11/2023 19:01
3017;Licença da fauna;3.611,5;127;2005;30/11/2023 19:01
3017;Licença da fauna;3.549,4;116;2006;30/11/2023 19:01
3017;Licença da fauna;4.829,6;155;2007;30/11/2023 19:01
3017;Licença da fauna;14.566,8;451;2008;30/11/2023 19:01
3017;Licença da fauna;42.050,4;790;2009;30/11/2023 19:01
3017;Licença da fauna;17.560,7;416;2010;30/11/2023 19:01
3017;Licença da fauna;9.988,2;95;2011;30/11/2023 19:01
3017;Licença da fauna;5.677,6;28;2012;30/11/2023 19:01
3017;Licença da fauna;53.315,3;69;2013;30/11/2023 19:01
3017;Licença da fauna;32.695,4;39;2014;30/11/2023 19:01
3017;Licença da fauna;5.109,5;19;2015;30/11/2023 19:01
3017;Licença da fauna;7.515,5;46;2016;30/11/2023 19:01
3017;Licença da fauna;381,4;5;2017;30/11/2023 19:01
3017;Licença da fauna;2.642,5;14;2018;30/11/2023 19:01
3017;Licença da fauna;1.438,7;16;2019;30/11/2023 19:01
4017;Licença da flora;37;1;2004;30/11/2023 19:01
4017;Licença da flora;212;4;2005;30/11/2023 19:01
4017;Licença da flora;100,4;1;2018;30/11/2023 19:01
4017;Licença da flora;404,3;1;2019;30/11/2023 19:01
6597;Licença p/pesca amadora;342,7;5;1996;30/11/2023 19:01
6597;Licença p/pesca amadora;1.286,8;9;1997;30/11/2023 19:01
6597;Licença p/pesca amadora;569,2;7;1998;30/11/2023 19:01
6607;Licença p/pesca profissional;270;27;1997;30/11/2023 19:01
6607;Licença p/pesca profissional;569;24;1998;30/11/2023 19:01
6607;Licença p/pesca profissional;20;2;1999;30/11/2023 19:01
6607;Licença p/pesca profissional;10;1;2000;30/11/2023 19:01
4407;Licença p/porte e uso de motoserra - LPU;4.633,8;119;1997;30/11/2023 19:01
4407;Licença p/porte e uso de motoserra - LPU;12.230,6;247;1998;30/11/2023 19:01
4407;Licença p/porte e uso de motoserra - LPU;3.425,7;82;1999;30/11/2023 19:01
4407;Licença p/porte e uso de motoserra - LPU;4.872,8;92;2000;30/11/2023 19:01
4407;Licença p/porte e uso de motoserra - LPU;3.726;64;2001;30/11/2023 19:01
4407;Licença p/porte e uso de motoserra - LPU;14.863,4;424;2002;30/11/2023 19:01
4407;Licença p/porte e uso de motoserra - LPU;33.730,7;1005;2003;30/11/2023 19:01
4407;Licença p/porte e uso de motoserra - LPU;27.107,6;879;2004;30/11/2023 19:01
4407;Licença p/porte e uso de motoserra - LPU;6.020,9;186;2005;30/11/2023 19:01
4407;Licença p/porte e uso de motoserra - LPU;4.098,2;41;2006;30/11/2023 19:01
4407;Licença p/porte e uso de motoserra - LPU;4.990,9;55;2007;30/11/2023 19:01
4407;Licença p/porte e uso de motoserra - LPU;1.584,3;12;2008;30/11/2023 19:01
4407;Licença p/porte e uso de motoserra - LPU;1.602,9;14;2009;30/11/2023 19:01
4407;Licença p/porte e uso de motoserra - LPU;375,5;3;2010;30/11/2023 19:01
4407;Licença p/porte e uso de motoserra - LPU;395,4;2;2011;30/11/2023 19:01
4407;Licença p/porte e uso de motoserra - LPU;588,9;4;2012;30/11/2023 19:01
4407;Licença p/porte e uso de motoserra - LPU;805,2;4;2013;30/11/2023 19:01
4407;Licença p/porte e uso de motoserra - LPU;941,6;5;2014;30/11/2023 19:01
4407;Licença p/porte e uso de motoserra - LPU;564,9;2;2015;30/11/2023 19:01
4407;Licença p/porte e uso de motoserra - LPU;288;1;2017;30/11/2023 19:01
5017;Licença/renovação - Licenciamento Ambiental;84;1;1997;30/11/2023 19:01
5017;Licença/renovação - Licenciamento Ambiental;1.671,5;2;1998;30/11/2023 19:01
5017;Licença/renovação - Licenciamento Ambiental;974,7;3;1999;30/11/2023 19:01
5017;Licença/renovação - Licenciamento Ambiental;598.492,1;95;2000;30/11/2023 19:01
5017;Licença/renovação - Licenciamento Ambiental;153.563,7;51;2001;30/11/2023 19:01
5017;Licença/renovação - Licenciamento Ambiental;14.216;4;2002;30/11/2023 19:01
5017;Licença/renovação - Licenciamento Ambiental;1.522,2;4;2004;30/11/2023 19:01
5017;Licença/renovação - Licenciamento Ambiental;371,2;1;2005;30/11/2023 19:01
5017;Licença/renovação - Licenciamento Ambiental;3.035,1;6;2007;30/11/2023 19:01
5017;Licença/renovação - Licenciamento Ambiental;1.295;10;2008;30/11/2023 19:01
5017;Licença/renovação - Licenciamento Ambiental;14.461,9;16;2012;30/11/2023 19:01
5017;Licença/renovação - Licenciamento Ambiental;2.699;1;2013;30/11/2023 19:01
5017;Licença/renovação - Licenciamento Ambiental;1.443,5;2;2017;30/11/2023 19:01
5017;Licença/renovação - Licenciamento Ambiental;4.911,3;2;2018;30/11/2023 19:01
5017;Licença/renovação - Licenciamento Ambiental;1.743,5;3;2019;30/11/2023 19:01
4303;Multa descumprimento de TAC;4.932,6;15;2008;30/11/2023 19:01
4303;Multa descumprimento de TAC;3.558,7;12;2009;30/11/2023 19:01
4303;Multa descumprimento de TAC;1.779,4;6;2010;30/11/2023 19:01
4303;Multa descumprimento de TAC;1.009.557,9;3;2011;30/11/2023 19:01
4303;Multa descumprimento de TAC;4.284.433,2;17;2012;30/11/2023 19:01
4303;Multa descumprimento de TAC;4.616.988,1;28;2013;30/11/2023 19:01
4303;Multa descumprimento de TAC;2.879.626;50;2014;30/11/2023 19:01
4303;Multa descumprimento de TAC;105.948,4;75;2015;30/11/2023 19:01
4303;Multa descumprimento de TAC;125.479,4;61;2016;30/11/2023 19:01
4303;Multa descumprimento de TAC;55.295,7;44;2017;30/11/2023 19:01
4303;Multa descumprimento de TAC;63.765.762,4;319;2018;30/11/2023 19:01
4303;Multa descumprimento de TAC;915.078,2;191;2019;30/11/2023 19:01
4303;Multa descumprimento de TAC;382.145;173;2020;30/11/2023 19:01
4303;Multa descumprimento de TAC;442.380,1;198;2021;30/11/2023 19:01
4303;Multa descumprimento de TAC;476.529;171;2022;30/11/2023 19:01
4303;Multa descumprimento de TAC;488.419,8;148;2023;30/11/2023 19:01
1186;Ocupação de imóvel;115,3;1;1996;30/11/2023 19:01
1186;Ocupação de imóvel;177,3;1;1999;30/11/2023 19:01
4299;Optante reposição florestal;79.917,4;248;1996;30/11/2023 19:01
4299;Optante reposição florestal;83.599,3;319;1997;30/11/2023 19:01
4299;Optante reposição florestal;146.766,4;674;1998;30/11/2023 19:01
4299;Optante reposição florestal;100.644,5;701;1999;30/11/2023 19:01
4299;Optante reposição florestal;77.687,6;320;2000;30/11/2023 19:01
4299;Optante reposição florestal;121.782,8;628;2001;30/11/2023 19:01
4299;Optante reposição florestal;94.006,2;548;2002;30/11/2023 19:01
4299;Optante reposição florestal;71.918,7;290;2003;30/11/2023 19:01
4299;Optante reposição florestal;67.370,7;307;2004;30/11/2023 19:01
4299;Optante reposição florestal;132.663,3;394;2005;30/11/2023 19:01
4299;Optante reposição florestal;121.774;442;2006;30/11/2023 19:01
4299;Optante reposição florestal;125.728,7;353;2007;30/11/2023 19:01
4299;Optante reposição florestal;93.119,4;286;2008;30/11/2023 19:01
4299;Optante reposição florestal;99.279,8;203;2009;30/11/2023 19:01
4299;Optante reposição florestal;63.316,4;89;2010;30/11/2023 19:01
4299;Optante reposição florestal;25.388,8;14;2011;30/11/2023 19:01
4299;Optante reposição florestal;62.354,4;24;2012;30/11/2023 19:01
4299;Optante reposição florestal;45.342,2;30;2013;30/11/2023 19:01
4299;Optante reposição florestal;42.602,4;22;2014;30/11/2023 19:01
4299;Optante reposição florestal;30.532,9;20;2015;30/11/2023 19:01
4299;Optante reposição florestal;622,6;5;2016;30/11/2023 19:01
4299;Optante reposição florestal;2.366;12;2017;30/11/2023 19:01
4299;Optante reposição florestal;1.167;9;2018;30/11/2023 19:01
1304;Penalidade pecuniária - Cadastro Técnico Federal;132,3;1;1997;30/11/2023 19:01
1304;Penalidade pecuniária - Cadastro Técnico Federal;140;1;1999;30/11/2023 19:01
1304;Penalidade pecuniária - Cadastro Técnico Federal;1.448,2;2;2000;30/11/2023 19:01
1304;Penalidade pecuniária - Cadastro Técnico Federal;116,3;1;2004;30/11/2023 19:01
1304;Penalidade pecuniária - Cadastro Técnico Federal;7.764,7;3;2005;30/11/2023 19:01
1304;Penalidade pecuniária - Cadastro Técnico Federal;500;2;2007;30/11/2023 19:01
1304;Penalidade pecuniária - Cadastro Técnico Federal;235.754,3;157;2008;30/11/2023 19:01
1304;Penalidade pecuniária - Cadastro Técnico Federal;464.409;354;2009;30/11/2023 19:01
1304;Penalidade pecuniária - Cadastro Técnico Federal;1.190.272,2;673;2010;30/11/2023 19:01
1304;Penalidade pecuniária - Cadastro Técnico Federal;1.662.752,8;1002;2011;30/11/2023 19:01
1304;Penalidade pecuniária - Cadastro Técnico Federal;2.855.599,8;1620;2012;30/11/2023 19:01
1304;Penalidade pecuniária - Cadastro Técnico Federal;4.055.664,9;2342;2013;30/11/2023 19:01
1304;Penalidade pecuniária - Cadastro Técnico Federal;6.675.639,1;3634;2014;30/11/2023 19:01
1304;Penalidade pecuniária - Cadastro Técnico Federal;9.551.940,4;4621;2015;30/11/2023 19:01
1304;Penalidade pecuniária - Cadastro Técnico Federal;9.171.874,7;5942;2016;30/11/2023 19:01
1304;Penalidade pecuniária - Cadastro Técnico Federal;10.299.874,9;6209;2017;30/11/2023 19:01
1304;Penalidade pecuniária - Cadastro Técnico Federal;11.751.775,4;6834;2018;30/11/2023 19:01
1304;Penalidade pecuniária - Cadastro Técnico Federal;10.195.116,9;6754;2019;30/11/2023 19:01
1304;Penalidade pecuniária - Cadastro Técnico Federal;5.867.403,3;4887;2020;30/11/2023 19:01
1304;Penalidade pecuniária - Cadastro Técnico Federal;5.737.401,6;4488;2021;30/11/2023 19:01
1304;Penalidade pecuniária - Cadastro Técnico Federal;5.728.634,4;4147;2022;30/11/2023 19:01
1304;Penalidade pecuniária - Cadastro Técnico Federal;4.566.732,1;3103;2023;30/11/2023 19:01
5304;Penalidade pecuniária - Controle ambiental;431.436,7;938;1996;30/11/2023 19:01
5304;Penalidade pecuniária - Controle ambiental;503.134;1033;1997;30/11/2023 19:01
5304;Penalidade pecuniária - Controle ambiental;367.953,1;878;1998;30/11/2023 19:01
5304;Penalidade pecuniária - Controle ambiental;464.415,4;784;1999;30/11/2023 19:01
5304;Penalidade pecuniária - Controle ambiental;36.806.071,8;805;2000;30/11/2023 19:01
5304;Penalidade pecuniária - Controle ambiental;1.502.446,4;742;2001;30/11/2023 19:01
5304;Penalidade pecuniária - Controle ambiental;1.824.226,8;1506;2002;30/11/2023 19:01
5304;Penalidade pecuniária - Controle ambiental;2.054.974,1;2275;2003;30/11/2023 19:01
5304;Penalidade pecuniária - Controle ambiental;2.005.822,1;2374;2004;30/11/2023 19:01
5304;Penalidade pecuniária - Controle ambiental;3.244.498,6;2931;2005;30/11/2023 19:01
5304;Penalidade pecuniária - Controle ambiental;4.858.207,5;3781;2006;30/11/2023 19:01
5304;Penalidade pecuniária - Controle ambiental;7.768.216,8;5707;2007;30/11/2023 19:01
5304;Penalidade pecuniária - Controle ambiental;16.000.756,2;8278;2008;30/11/2023 19:01
5304;Penalidade pecuniária - Controle ambiental;12.305.986,3;8907;2009;30/11/2023 19:01
5304;Penalidade pecuniária - Controle ambiental;13.326.472,9;9085;2010;30/11/2023 19:01
5304;Penalidade pecuniária - Controle ambiental;22.955.277;10699;2011;30/11/2023 19:01
5304;Penalidade pecuniária - Controle ambiental;42.330.661,2;12088;2012;30/11/2023 19:01
5304;Penalidade pecuniária - Controle ambiental;75.079.357,5;14775;2013;30/11/2023 19:01
5304;Penalidade pecuniária - Controle ambiental;78.092.058,5;16727;2014;30/11/2023 19:01
5304;Penalidade pecuniária - Controle ambiental;34.171.529,3;18818;2015;30/11/2023 19:01
5304;Penalidade pecuniária - Controle ambiental;32.662.715,9;18440;2016;30/11/2023 19:01
5304;Penalidade pecuniária - Controle ambiental;64.895.927,2;18095;2017;30/11/2023 19:01
5304;Penalidade pecuniária - Controle ambiental;57.573.528,3;18072;2018;30/11/2023 19:01
5304;Penalidade pecuniária - Controle ambiental;79.396.773,9;16471;2019;30/11/2023 19:01
5304;Penalidade pecuniária - Controle ambiental;63.439.356;13283;2020;30/11/2023 19:01
5304;Penalidade pecuniária - Controle ambiental;72.485.610,3;11032;2021;30/11/2023 19:01
5304;Penalidade pecuniária - Controle ambiental;70.980.194,1;9700;2022;30/11/2023 19:01
5304;Penalidade pecuniária - Controle ambiental;29.098.201,6;7247;2023;30/11/2023 19:01
7304;Penalidade pecuniária - Ecossistema;15.182,2;64;1996;30/11/2023 19:01
7304;Penalidade pecuniária - Ecossistema;41.882,4;77;1997;30/11/2023 19:01
7304;Penalidade pecuniária - Ecossistema;11.089,1;41;1998;30/11/2023 19:01
7304;Penalidade pecuniária - Ecossistema;12.469,3;48;1999;30/11/2023 19:01
7304;Penalidade pecuniária - Ecossistema;10.700,4;33;2000;30/11/2023 19:01
7304;Penalidade pecuniária - Ecossistema;8.892,4;19;2001;30/11/2023 19:01
7304;Penalidade pecuniária - Ecossistema;60.035,2;51;2002;30/11/2023 19:01
7304;Penalidade pecuniária - Ecossistema;79.519,8;133;2003;30/11/2023 19:01
7304;Penalidade pecuniária - Ecossistema;80.266,1;127;2004;30/11/2023 19:01
7304;Penalidade pecuniária - Ecossistema;287.767,4;212;2005;30/11/2023 19:01
7304;Penalidade pecuniária - Ecossistema;193.446,3;282;2006;30/11/2023 19:01
7304;Penalidade pecuniária - Ecossistema;373.589,9;367;2007;30/11/2023 19:01
7304;Penalidade pecuniária - Ecossistema;696.365,4;428;2008;30/11/2023 19:01
7304;Penalidade pecuniária - Ecossistema;363.703,6;473;2009;30/11/2023 19:01
7304;Penalidade pecuniária - Ecossistema;318.896,6;437;2010;30/11/2023 19:01
7304;Penalidade pecuniária - Ecossistema;779.488,5;655;2011;30/11/2023 19:01
7304;Penalidade pecuniária - Ecossistema;783.466,3;865;2012;30/11/2023 19:01
7304;Penalidade pecuniária - Ecossistema;997.143,4;906;2013;30/11/2023 19:01
7304;Penalidade pecuniária - Ecossistema;762.713,3;981;2014;30/11/2023 19:01
7304;Penalidade pecuniária - Ecossistema;1.172.336;1020;2015;30/11/2023 19:01
7304;Penalidade pecuniária - Ecossistema;522.894;842;2016;30/11/2023 19:01
7304;Penalidade pecuniária - Ecossistema;656.047,1;621;2017;30/11/2023 19:01
7304;Penalidade pecuniária - Ecossistema;623.081,2;690;2018;30/11/2023 19:01
7304;Penalidade pecuniária - Ecossistema;551.382,4;692;2019;30/11/2023 19:01
7304;Penalidade pecuniária - Ecossistema;370.959,6;636;2020;30/11/2023 19:01
7304;Penalidade pecuniária - Ecossistema;954.290,8;555;2021;30/11/2023 19:01
7304;Penalidade pecuniária - Ecossistema;586.396,5;519;2022;30/11/2023 19:01
7304;Penalidade pecuniária - Ecossistema;455.491,6;380;2023;30/11/2023 19:01
3304;Penalidade pecuniária - Fauna;937.529,1;5020;1996;30/11/2023 19:01
3304;Penalidade pecuniária - Fauna;942.266,4;4389;1997;30/11/2023 19:01
3304;Penalidade pecuniária - Fauna;585.648;2839;1998;30/11/2023 19:01
3304;Penalidade pecuniária - Fauna;499.421,4;1862;1999;30/11/2023 19:01
3304;Penalidade pecuniária - Fauna;347.624,7;1171;2000;30/11/2023 19:01
3304;Penalidade pecuniária - Fauna;243.834,1;695;2001;30/11/2023 19:01
3304;Penalidade pecuniária - Fauna;315.862,7;674;2002;30/11/2023 19:01
3304;Penalidade pecuniária - Fauna;248.003;625;2003;30/11/2023 19:01
3304;Penalidade pecuniária - Fauna;547.653,8;723;2004;30/11/2023 19:01
3304;Penalidade pecuniária - Fauna;617.083,9;1261;2005;30/11/2023 19:01
3304;Penalidade pecuniária - Fauna;974.656,2;2073;2006;30/11/2023 19:01
3304;Penalidade pecuniária - Fauna;1.370.703,6;3452;2007;30/11/2023 19:01
3304;Penalidade pecuniária - Fauna;2.810.843;6508;2008;30/11/2023 19:01
3304;Penalidade pecuniária - Fauna;3.477.205,7;8945;2009;30/11/2023 19:01
3304;Penalidade pecuniária - Fauna;3.243.815,5;8534;2010;30/11/2023 19:01
3304;Penalidade pecuniária - Fauna;3.976.883,5;10994;2011;30/11/2023 19:01
3304;Penalidade pecuniária - Fauna;4.708.812,9;15040;2012;30/11/2023 19:01
3304;Penalidade pecuniária - Fauna;6.235.674,8;19532;2013;30/11/2023 19:01
3304;Penalidade pecuniária - Fauna;8.247.361,6;20477;2014;30/11/2023 19:01
3304;Penalidade pecuniária - Fauna;8.536.649,7;23147;2015;30/11/2023 19:01
3304;Penalidade pecuniária - Fauna;9.074.639,4;23027;2016;30/11/2023 19:01
3304;Penalidade pecuniária - Fauna;9.352.383,8;23430;2017;30/11/2023 19:01
3304;Penalidade pecuniária - Fauna;10.595.541;23709;2018;30/11/2023 19:01
3304;Penalidade pecuniária - Fauna;9.701.748,4;23571;2019;30/11/2023 19:01
3304;Penalidade pecuniária - Fauna;7.589.431,3;19264;2020;30/11/2023 19:01
3304;Penalidade pecuniária - Fauna;8.004.047,2;16331;2021;30/11/2023 19:01
3304;Penalidade pecuniária - Fauna;10.572.610,2;15453;2022;30/11/2023 19:01
3304;Penalidade pecuniária - Fauna;7.921.538,2;12776;2023;30/11/2023 19:01
4304;Penalidade pecuniária - Flora;6.156.104,8;18465;1996;30/11/2023 19:01
4304;Penalidade pecuniária - Flora;6.025.745,1;18034;1997;30/11/2023 19:01
4304;Penalidade pecuniária - Flora;4.674.174,8;14943;1998;30/11/2023 19:01
4304;Penalidade pecuniária - Flora;3.460.637,8;9978;1999;30/11/2023 19:01
4304;Penalidade pecuniária - Flora;30.724.549;7121;2000;30/11/2023 19:01
4304;Penalidade pecuniária - Flora;2.320.924,3;5109;2001;30/11/2023 19:01
4304;Penalidade pecuniária - Flora;4.100.942,6;7156;2002;30/11/2023 19:01
4304;Penalidade pecuniária - Flora;7.010.236,5;8926;2003;30/11/2023 19:01
4304;Penalidade pecuniária - Flora;9.376.336,8;10937;2004;30/11/2023 19:01
4304;Penalidade pecuniária - Flora;12.405.392,1;14368;2005;30/11/2023 19:01
4304;Penalidade pecuniária - Flora;14.723.524,4;17667;2006;30/11/2023 19:01
4304;Penalidade pecuniária - Flora;19.489.759,5;23765;2007;30/11/2023 19:01
4304;Penalidade pecuniária - Flora;26.825.229,5;28602;2008;30/11/2023 19:01
4304;Penalidade pecuniária - Flora;25.171.144,1;29450;2009;30/11/2023 19:01
4304;Penalidade pecuniária - Flora;25.309.524,4;26275;2010;30/11/2023 19:01
4304;Penalidade pecuniária - Flora;24.135.422,9;25475;2011;30/11/2023 19:01
4304;Penalidade pecuniária - Flora;24.312.043,5;25799;2012;30/11/2023 19:01
4304;Penalidade pecuniária - Flora;54.973.701,4;30626;2013;30/11/2023 19:01
4304;Penalidade pecuniária - Flora;46.081.597,5;32038;2014;30/11/2023 19:01
4304;Penalidade pecuniária - Flora;44.393.658,6;37112;2015;30/11/2023 19:01
4304;Penalidade pecuniária - Flora;46.926.338,8;36669;2016;30/11/2023 19:01
4304;Penalidade pecuniária - Flora;53.498.024,5;35706;2017;30/11/2023 19:01
4304;Penalidade pecuniária - Flora;66.871.244,4;36333;2018;30/11/2023 19:01
4304;Penalidade pecuniária - Flora;55.899.254,5;36254;2019;30/11/2023 19:01
4304;Penalidade pecuniária - Flora;42.922.259,3;30808;2020;30/11/2023 19:01
4304;Penalidade pecuniária - Flora;61.291.046,4;28592;2021;30/11/2023 19:01
4304;Penalidade pecuniária - Flora;62.545.779,4;28292;2022;30/11/2023 19:01
4304;Penalidade pecuniária - Flora;68.063.192;24370;2023;30/11/2023 19:01
4304;Penalidade pecuniária - Flora;1.001,4;1;2040;30/11/2023 19:01
4304;Penalidade pecuniária - Flora;668;1;2919;30/11/2023 19:01
1305;Penalidade pecuniária - Ordenamento urbano e Contr. patrim.;7.000;1;2009;30/11/2023 19:01
1305;Penalidade pecuniária - Ordenamento urbano e Contr. patrim.;3.000;1;2010;30/11/2023 19:01
1305;Penalidade pecuniária - Ordenamento urbano e Contr. patrim.;28.482,1;16;2011;30/11/2023 19:01
1305;Penalidade pecuniária - Ordenamento urbano e Contr. patrim.;167.156;41;2012;30/11/2023 19:01
1305;Penalidade pecuniária - Ordenamento urbano e Contr. patrim.;164.292,6;102;2013;30/11/2023 19:01
1305;Penalidade pecuniária - Ordenamento urbano e Contr. patrim.;284.804,2;190;2014;30/11/2023 19:01
1305;Penalidade pecuniária - Ordenamento urbano e Contr. patrim.;250.018,8;194;2015;30/11/2023 19:01
1305;Penalidade pecuniária - Ordenamento urbano e Contr. patrim.;185.481,7;212;2016;30/11/2023 19:01
1305;Penalidade pecuniária - Ordenamento urbano e Contr. patrim.;266.781,9;214;2017;30/11/2023 19:01
1305;Penalidade pecuniária - Ordenamento urbano e Contr. patrim.;490.111,8;269;2018;30/11/2023 19:01
1305;Penalidade pecuniária - Ordenamento urbano e Contr. patrim.;294.582,1;319;2019;30/11/2023 19:01
1305;Penalidade pecuniária - Ordenamento urbano e Contr. patrim.;229.446,8;239;2020;30/11/2023 19:01
1305;Penalidade pecuniária - Ordenamento urbano e Contr. patrim.;624.490,8;233;2021;30/11/2023 19:01
1305;Penalidade pecuniária - Ordenamento urbano e Contr. patrim.;326.089,4;220;2022;30/11/2023 19:01
1305;Penalidade pecuniária - Ordenamento urbano e Contr. patrim.;303.409,7;167;2023;30/11/2023 19:01
8304;Penalidade pecuniária - Org. Gen. Modific. e Biopirataria;10.500;2;2006;30/11/2023 19:01
8304;Penalidade pecuniária - Org. Gen. Modific. e Biopirataria;5.600;1;2008;30/11/2023 19:01
8304;Penalidade pecuniária - Org. Gen. Modific. e Biopirataria;25.283,9;20;2009;30/11/2023 19:01
8304;Penalidade pecuniária - Org. Gen. Modific. e Biopirataria;35.626,1;10;2010;30/11/2023 19:01
8304;Penalidade pecuniária - Org. Gen. Modific. e Biopirataria;75.393,5;19;2013;30/11/2023 19:01
8304;Penalidade pecuniária - Org. Gen. Modific. e Biopirataria;1.568.895,3;181;2014;30/11/2023 19:01
8304;Penalidade pecuniária - Org. Gen. Modific. e Biopirataria;659.895,7;276;2015;30/11/2023 19:01
8304;Penalidade pecuniária - Org. Gen. Modific. e Biopirataria;1.051.350,2;361;2016;30/11/2023 19:01
8304;Penalidade pecuniária - Org. Gen. Modific. e Biopirataria;934.102,8;401;2017;30/11/2023 19:01
8304;Penalidade pecuniária - Org. Gen. Modific. e Biopirataria;859.449,6;514;2018;30/11/2023 19:01
8304;Penalidade pecuniária - Org. Gen. Modific. e Biopirataria;7.021.430,4;631;2019;30/11/2023 19:01
8304;Penalidade pecuniária - Org. Gen. Modific. e Biopirataria;720.961,2;550;2020;30/11/2023 19:01
8304;Penalidade pecuniária - Org. Gen. Modific. e Biopirataria;917.247,1;488;2021;30/11/2023 19:01
8304;Penalidade pecuniária - Org. Gen. Modific. e Biopirataria;765.027,3;357;2022;30/11/2023 19:01
8304;Penalidade pecuniária - Org. Gen. Modific. e Biopirataria;784.744,1;327;2023;30/11/2023 19:01
9304;Penalidade pecuniária - Outras;2.017.522,4;9436;1996;30/11/2023 19:01
9304;Penalidade pecuniária - Outras;1.617.353,9;5949;1997;30/11/2023 19:01
9304;Penalidade pecuniária - Outras;4.346.914;13065;1998;30/11/2023 19:01
9304;Penalidade pecuniária - Outras;8.103.284,4;22398;1999;30/11/2023 19:01
9304;Penalidade pecuniária - Outras;8.411.480,4;17922;2000;30/11/2023 19:01
9304;Penalidade pecuniária - Outras;10.227.690,8;18667;2001;30/11/2023 19:01
9304;Penalidade pecuniária - Outras;11.296.320,5;20089;2002;30/11/2023 19:01
9304;Penalidade pecuniária - Outras;6.111.448,2;11120;2003;30/11/2023 19:01
9304;Penalidade pecuniária - Outras;6.658.293,3;12192;2004;30/11/2023 19:01
9304;Penalidade pecuniária - Outras;7.460.636,9;16248;2005;30/11/2023 19:01
9304;Penalidade pecuniária - Outras;7.000.234,9;15633;2006;30/11/2023 19:01
9304;Penalidade pecuniária - Outras;7.927.127,9;12609;2007;30/11/2023 19:01
9304;Penalidade pecuniária - Outras;6.858.441,6;8349;2008;30/11/2023 19:01
9304;Penalidade pecuniária - Outras;4.401.988,9;4438;2009;30/11/2023 19:01
9304;Penalidade pecuniária - Outras;1.104.242,3;1525;2010;30/11/2023 19:01
9304;Penalidade pecuniária - Outras;528.994;798;2011;30/11/2023 19:01
9304;Penalidade pecuniária - Outras;562.612,7;622;2012;30/11/2023 19:01
9304;Penalidade pecuniária - Outras;451.016,6;679;2013;30/11/2023 19:01
9304;Penalidade pecuniária - Outras;677.592,8;668;2014;30/11/2023 19:01
9304;Penalidade pecuniária - Outras;522.405,4;664;2015;30/11/2023 19:01
9304;Penalidade pecuniária - Outras;1.629.838,5;957;2016;30/11/2023 19:01
9304;Penalidade pecuniária - Outras;3.759.694,8;1307;2017;30/11/2023 19:01
9304;Penalidade pecuniária - Outras;3.923.478,9;1671;2018;30/11/2023 19:01
9304;Penalidade pecuniária - Outras;3.705.580,6;1850;2019;30/11/2023 19:01
9304;Penalidade pecuniária - Outras;1.175.649;1283;2020;30/11/2023 19:01
9304;Penalidade pecuniária - Outras;3.095.450,5;1195;2021;30/11/2023 19:01
9304;Penalidade pecuniária - Outras;11.224.438,9;1430;2022;30/11/2023 19:01
9304;Penalidade pecuniária - Outras;35.394.435;1091;2023;30/11/2023 19:01
6304;Penalidade pecuniária - Pesca;641.780,4;5900;1996;30/11/2023 19:01
6304;Penalidade pecuniária - Pesca;660.998,8;5246;1997;30/11/2023 19:01
6304;Penalidade pecuniária - Pesca;441.622,1;2728;1998;30/11/2023 19:01
6304;Penalidade pecuniária - Pesca;432.820;2240;1999;30/11/2023 19:01
6304;Penalidade pecuniária - Pesca;249.901,5;1296;2000;30/11/2023 19:01
6304;Penalidade pecuniária - Pesca;237.678,4;874;2001;30/11/2023 19:01
6304;Penalidade pecuniária - Pesca;298.854,2;1274;2002;30/11/2023 19:01
6304;Penalidade pecuniária - Pesca;386.339,5;1160;2003;30/11/2023 19:01
6304;Penalidade pecuniária - Pesca;487.605,5;1456;2004;30/11/2023 19:01
6304;Penalidade pecuniária - Pesca;802.531,4;2022;2005;30/11/2023 19:01
6304;Penalidade pecuniária - Pesca;986.701,2;2696;2006;30/11/2023 19:01
6304;Penalidade pecuniária - Pesca;1.272.145,5;3801;2007;30/11/2023 19:01
6304;Penalidade pecuniária - Pesca;1.657.053,3;4472;2008;30/11/2023 19:01
6304;Penalidade pecuniária - Pesca;1.787.805;4836;2009;30/11/2023 19:01
6304;Penalidade pecuniária - Pesca;2.012.585;4565;2010;30/11/2023 19:01
6304;Penalidade pecuniária - Pesca;1.898.167;6348;2011;30/11/2023 19:01
6304;Penalidade pecuniária - Pesca;2.288.135,5;7909;2012;30/11/2023 19:01
6304;Penalidade pecuniária - Pesca;2.959.992,6;9051;2013;30/11/2023 19:01
6304;Penalidade pecuniária - Pesca;3.993.631,5;8512;2014;30/11/2023 19:01
6304;Penalidade pecuniária - Pesca;4.272.476,4;8725;2015;30/11/2023 19:01
6304;Penalidade pecuniária - Pesca;4.630.265,9;7779;2016;30/11/2023 19:01
6304;Penalidade pecuniária - Pesca;3.496.710;7660;2017;30/11/2023 19:01
6304;Penalidade pecuniária - Pesca;4.208.979,9;7470;2018;30/11/2023 19:01
6304;Penalidade pecuniária - Pesca;4.387.914,2;7384;2019;30/11/2023 19:01
6304;Penalidade pecuniária - Pesca;3.475.120,7;5872;2020;30/11/2023 19:01
6304;Penalidade pecuniária - Pesca;3.737.645,3;5249;2021;30/11/2023 19:01
6304;Penalidade pecuniária - Pesca;3.948.909,5;4958;2022;30/11/2023 19:01
6304;Penalidade pecuniária - Pesca;3.969.788,4;3963;2023;30/11/2023 19:01
1306;Penalidade pecuniária - Unidades de conservação;2.173;1;2001;30/11/2023 19:01
1306;Penalidade pecuniária - Unidades de conservação;700;1;2003;30/11/2023 19:01
1306;Penalidade pecuniária - Unidades de conservação;35.000;2;2004;30/11/2023 19:01
1306;Penalidade pecuniária - Unidades de conservação;19.250;1;2005;30/11/2023 19:01
1306;Penalidade pecuniária - Unidades de conservação;16.800;1;2007;30/11/2023 19:01
1306;Penalidade pecuniária - Unidades de conservação;7.615,5;12;2008;30/11/2023 19:01
1306;Penalidade pecuniária - Unidades de conservação;33.664,4;44;2009;30/11/2023 19:01
1306;Penalidade pecuniária - Unidades de conservação;10.061,1;38;2010;30/11/2023 19:01
1306;Penalidade pecuniária - Unidades de conservação;84.818,9;34;2011;30/11/2023 19:01
1306;Penalidade pecuniária - Unidades de conservação;43.277,2;45;2012;30/11/2023 19:01
1306;Penalidade pecuniária - Unidades de conservação;437.714,2;68;2013;30/11/2023 19:01
1306;Penalidade pecuniária - Unidades de conservação;240.197,2;67;2014;30/11/2023 19:01
1306;Penalidade pecuniária - Unidades de conservação;100.405,6;62;2015;30/11/2023 19:01
1306;Penalidade pecuniária - Unidades de conservação;134.874,8;94;2016;30/11/2023 19:01
1306;Penalidade pecuniária - Unidades de conservação;125.262,2;123;2017;30/11/2023 19:01
1306;Penalidade pecuniária - Unidades de conservação;164.492;131;2018;30/11/2023 19:01
1306;Penalidade pecuniária - Unidades de conservação;157.233,8;162;2019;30/11/2023 19:01
1306;Penalidade pecuniária - Unidades de conservação;371.706,9;130;2020;30/11/2023 19:01
1306;Penalidade pecuniária - Unidades de conservação;115.925,9;139;2021;30/11/2023 19:01
1306;Penalidade pecuniária - Unidades de conservação;145.570,8;149;2022;30/11/2023 19:01
1306;Penalidade pecuniária - Unidades de conservação;188.994,7;162;2023;30/11/2023 19:01
9009;Receitas a classificar;99.340,8;318;1998;30/11/2023 19:01
9009;Receitas a classificar;645.059,6;1391;1999;30/11/2023 19:01
9009;Receitas a classificar;48.064,5;74;2000;30/11/2023 19:01
9009;Receitas a classificar;1.209,8;5;2001;30/11/2023 19:01
9009;Receitas a classificar;429,7;8;2002;30/11/2023 19:01
5321;Registro - Controle ambiental;41.024,9;47;1997;30/11/2023 19:01
5321;Registro - Controle ambiental;129.478,2;728;1998;30/11/2023 19:01
5321;Registro - Controle ambiental;16.537,5;79;1999;30/11/2023 19:01
5321;Registro - Controle ambiental;8.947,3;34;2000;30/11/2023 19:01
3551;Registro da fauna;1.514,7;6;1997;30/11/2023 19:01
3551;Registro da fauna;150;2;1998;30/11/2023 19:01
3551;Registro da fauna;95,8;2;1999;30/11/2023 19:01
3551;Registro da fauna;866,7;7;2000;30/11/2023 19:01
3551;Registro da fauna;300;1;2001;30/11/2023 19:01
3551;Registro da fauna;2.489,2;13;2002;30/11/2023 19:01
3551;Registro da fauna;3.619,7;10;2003;30/11/2023 19:01
3551;Registro da fauna;2.284,4;8;2004;30/11/2023 19:01
3551;Registro da fauna;5.536;18;2005;30/11/2023 19:01
3551;Registro da fauna;3.928,7;12;2006;30/11/2023 19:01
3551;Registro da fauna;5.778,9;15;2007;30/11/2023 19:01
3551;Registro da fauna;5.366,5;14;2008;30/11/2023 19:01
3551;Registro da fauna;1.282,5;3;2009;30/11/2023 19:01
3551;Registro da fauna;1.346,4;4;2010;30/11/2023 19:01
4551;Registro da flora;655,2;7;1996;30/11/2023 19:01
4551;Registro da flora;21.602,8;74;1997;30/11/2023 19:01
4551;Registro da flora;32.574,7;126;1998;30/11/2023 19:01
4551;Registro da flora;9.629,5;38;1999;30/11/2023 19:01
4551;Registro da flora;776,2;3;2000;30/11/2023 19:01
4551;Registro da flora;344,5;3;2001;30/11/2023 19:01
4551;Registro da flora;352,7;1;2007;30/11/2023 19:01
4551;Registro da flora;232,3;1;2009;30/11/2023 19:01
6411;Registro da pesca - Animal aquático;4.921,3;26;1997;30/11/2023 19:01
6411;Registro da pesca - Animal aquático;2.643,2;16;1998;30/11/2023 19:01
6411;Registro da pesca - Animal aquático;380,4;2;1999;30/11/2023 19:01
6411;Registro da pesca - Animal aquático;740,4;6;2000;30/11/2023 19:01
6411;Registro da pesca - Animal aquático;224,2;1;2001;30/11/2023 19:01
6441;Registro da pesca - Aqüicultor;1.732,6;19;1997;30/11/2023 19:01
6441;Registro da pesca - Aqüicultor;3.224,4;22;1998;30/11/2023 19:01
6441;Registro da pesca - Aqüicultor;331;2;1999;30/11/2023 19:01
6441;Registro da pesca - Aqüicultor;505,1;3;2000;30/11/2023 19:01
6441;Registro da pesca - Aqüicultor;679,9;7;2001;30/11/2023 19:01
6441;Registro da pesca - Aqüicultor;95,6;1;2002;30/11/2023 19:01
6441;Registro da pesca - Aqüicultor;23,3;1;2006;30/11/2023 19:01
6421;Registro da pesca - Armadores;592,3;8;1996;30/11/2023 19:01
6421;Registro da pesca - Armadores;1.336,7;9;1997;30/11/2023 19:01
6421;Registro da pesca - Armadores;4.838,2;42;1998;30/11/2023 19:01
6421;Registro da pesca - Armadores;1.059,9;6;1999;30/11/2023 19:01
6421;Registro da pesca - Armadores;978,6;10;2000;30/11/2023 19:01
6421;Registro da pesca - Armadores;621,8;9;2001;30/11/2023 19:01
6421;Registro da pesca - Armadores;1.455,9;10;2002;30/11/2023 19:01
6421;Registro da pesca - Armadores;2.464,7;19;2003;30/11/2023 19:01
6421;Registro da pesca - Armadores;3.197,8;18;2004;30/11/2023 19:01
6421;Registro da pesca - Armadores;1.836,5;10;2005;30/11/2023 19:01
6421;Registro da pesca - Armadores;93,2;1;2006;30/11/2023 19:01
6421;Registro da pesca - Armadores;117,2;1;2007;30/11/2023 19:01
6421;Registro da pesca - Armadores;1.753,7;2;2008;30/11/2023 19:01
6421;Registro da pesca - Armadores;674,4;3;2009;30/11/2023 19:01
6421;Registro da pesca - Armadores;86,2;1;2013;30/11/2023 19:01
6431;Registro da pesca - Clube e associação;2.036,2;6;1998;30/11/2023 19:01
6431;Registro da pesca - Clube e associação;568,4;5;1999;30/11/2023 19:01
6431;Registro da pesca - Clube e associação;2.243,9;13;2000;30/11/2023 19:01
6431;Registro da pesca - Clube e associação;168,5;1;2001;30/11/2023 19:01
6431;Registro da pesca - Clube e associação;2.000,7;14;2007;30/11/2023 19:01
6431;Registro da pesca - Clube e associação;258,1;1;2008;30/11/2023 19:01
6431;Registro da pesca - Clube e associação;584,9;3;2009;30/11/2023 19:01
6431;Registro da pesca - Clube e associação;701,7;3;2016;30/11/2023 19:01
6451;Registro da pesca - Embarcação arrasto camarão rosa;1.180,1;1;1997;30/11/2023 19:01
6451;Registro da pesca - Embarcação arrasto camarão rosa;53,1;1;1998;30/11/2023 19:01
6451;Registro da pesca - Embarcação arrasto camarão rosa;2.787,2;4;2001;30/11/2023 19:01
6451;Registro da pesca - Embarcação arrasto camarão rosa;1.240,9;5;2002;30/11/2023 19:01
6451;Registro da pesca - Embarcação arrasto camarão rosa;2.810,4;1;2004;30/11/2023 19:01
6511;Registro da pesca - Embarcação camarão sudeste/sul;55,4;1;1996;30/11/2023 19:01
6511;Registro da pesca - Embarcação camarão sudeste/sul;345,7;6;1997;30/11/2023 19:01
6511;Registro da pesca - Embarcação camarão sudeste/sul;115,6;1;2001;30/11/2023 19:01
6511;Registro da pesca - Embarcação camarão sudeste/sul;188;1;2002;30/11/2023 19:01
6511;Registro da pesca - Embarcação camarão sudeste/sul;953,6;5;2003;30/11/2023 19:01
6511;Registro da pesca - Embarcação camarão sudeste/sul;413,3;2;2005;30/11/2023 19:01
6511;Registro da pesca - Embarcação camarão sudeste/sul;229,4;1;2006;30/11/2023 19:01
6511;Registro da pesca - Embarcação camarão sudeste/sul;4.843,4;1;2008;30/11/2023 19:01
6501;Registro da pesca - Embarcação cerco sardinha;160,7;2;1996;30/11/2023 19:01
6501;Registro da pesca - Embarcação cerco sardinha;415,9;2;1997;30/11/2023 19:01
6501;Registro da pesca - Embarcação cerco sardinha;219,4;1;1998;30/11/2023 19:01
6501;Registro da pesca - Embarcação cerco sardinha;541,3;3;1999;30/11/2023 19:01
6501;Registro da pesca - Embarcação cerco sardinha;838,2;9;2000;30/11/2023 19:01
6501;Registro da pesca - Embarcação cerco sardinha;147;1;2001;30/11/2023 19:01
6501;Registro da pesca - Embarcação cerco sardinha;939,6;1;2008;30/11/2023 19:01
6491;Registro da pesca - Embarcação lagosta pargo;240,4;4;1996;30/11/2023 19:01
6491;Registro da pesca - Embarcação lagosta pargo;220,8;4;1997;30/11/2023 19:01
6491;Registro da pesca - Embarcação lagosta pargo;26,8;1;1998;30/11/2023 19:01
6491;Registro da pesca - Embarcação lagosta pargo;493,6;8;1999;30/11/2023 19:01
6491;Registro da pesca - Embarcação lagosta pargo;924,1;11;2000;30/11/2023 19:01
6491;Registro da pesca - Embarcação lagosta pargo;1.651;9;2001;30/11/2023 19:01
6491;Registro da pesca - Embarcação lagosta pargo;317,8;3;2003;30/11/2023 19:01
6491;Registro da pesca - Embarcação lagosta pargo;1.217,1;3;2007;30/11/2023 19:01
6491;Registro da pesca - Embarcação lagosta pargo;86,3;1;2008;30/11/2023 19:01
6491;Registro da pesca - Embarcação lagosta pargo;148,1;1;2009;30/11/2023 19:01
6491;Registro da pesca - Embarcação lagosta pargo;2.313,5;3;2016;30/11/2023 19:01
6541;Registro da pesca - Embarcação outros crustáceos;139;1;1998;30/11/2023 19:01
6541;Registro da pesca - Embarcação outros crustáceos;52,3;1;1999;30/11/2023 19:01
6531;Registro da pesca - Embarcação outros peixes;139,9;3;1997;30/11/2023 19:01
6531;Registro da pesca - Embarcação outros peixes;1.905,8;24;1998;30/11/2023 19:01
6531;Registro da pesca - Embarcação outros peixes;234,9;5;1999;30/11/2023 19:01
6531;Registro da pesca - Embarcação outros peixes;308,3;1;2000;30/11/2023 19:01
6531;Registro da pesca - Embarcação outros peixes;521,1;9;2001;30/11/2023 19:01
6531;Registro da pesca - Embarcação outros peixes;309,6;4;2002;30/11/2023 19:01
6531;Registro da pesca - Embarcação outros peixes;69,3;1;2003;30/11/2023 19:01
6531;Registro da pesca - Embarcação outros peixes;98,4;1;2006;30/11/2023 19:01
6531;Registro da pesca - Embarcação outros peixes;2.941,6;11;2007;30/11/2023 19:01
6521;Registro da pesca - Embarcação peixe demersal;451,1;2;1998;30/11/2023 19:01
5351;Registro de industria - Controle ambiental;55.370;45;1997;30/11/2023 19:01
5351;Registro de industria - Controle ambiental;2.369,2;7;1998;30/11/2023 19:01
6351;Registro de indústria de pesca;1.836,8;7;1997;30/11/2023 19:01
6351;Registro de indústria de pesca;1.575,6;5;1998;30/11/2023 19:01
6351;Registro de indústria de pesca;2.996;5;2006;30/11/2023 19:01
6351;Registro de indústria de pesca;7.334,1;12;2007;30/11/2023 19:01
6351;Registro de indústria de pesca;7.190,3;12;2008;30/11/2023 19:01
6351;Registro de indústria de pesca;599,2;1;2009;30/11/2023 19:01
4381;Registro de moto-serra - Comerciante;200;1;1997;30/11/2023 19:01
4381;Registro de moto-serra - Comerciante;716,6;6;2002;30/11/2023 19:01
4381;Registro de moto-serra - Comerciante;738,3;4;2003;30/11/2023 19:01
4391;Registro de moto-serra - Proprietário;268,1;5;1997;30/11/2023 19:01
4391;Registro de moto-serra - Proprietário;703,5;16;1998;30/11/2023 19:01
4391;Registro de moto-serra - Proprietário;86,9;2;1999;30/11/2023 19:01
4391;Registro de moto-serra - Proprietário;261,6;4;2000;30/11/2023 19:01
5341;Registro de preservativo de madeira;750;1;1997;30/11/2023 19:01
5331;Registro de produto químico e biológico;6.681,8;28;1997;30/11/2023 19:01
5331;Registro de produto químico e biológico;460.566;141;2000;30/11/2023 19:01
5331;Registro de produto químico e biológico;800.330,9;365;2001;30/11/2023 19:01
5331;Registro de produto químico e biológico;1.480.926;547;2002;30/11/2023 19:01
5331;Registro de produto químico e biológico;198.584,2;79;2003;30/11/2023 19:01
5331;Registro de produto químico e biológico;276.787,4;85;2004;30/11/2023 19:01
5331;Registro de produto químico e biológico;102.381;63;2005;30/11/2023 19:01
5331;Registro de produto químico e biológico;865.979,1;127;2006;30/11/2023 19:01
5331;Registro de produto químico e biológico;738.753,2;82;2007;30/11/2023 19:01
5331;Registro de produto químico e biológico;794.388,7;130;2008;30/11/2023 19:01
5331;Registro de produto químico e biológico;338.103,4;40;2009;30/11/2023 19:01
5331;Registro de produto químico e biológico;12.652,2;13;2010;30/11/2023 19:01
5331;Registro de produto químico e biológico;1.684,3;1;2011;30/11/2023 19:01
5331;Registro de produto químico e biológico;4.935,8;2;2012;30/11/2023 19:01
5331;Registro de produto químico e biológico;1.920,1;4;2013;30/11/2023 19:01
5331;Registro de produto químico e biológico;971,3;2;2014;30/11/2023 19:01
5331;Registro de produto químico e biológico;300;1;2015;30/11/2023 19:01
5331;Registro de produto químico e biológico;2.010,4;1;2016;30/11/2023 19:01
5331;Registro de produto químico e biológico;382,7;1;2017;30/11/2023 19:01
5322;Renovação de registro - Controle ambiental;250;1;1997;30/11/2023 19:01
5322;Renovação de registro - Controle ambiental;810.388;5348;1998;30/11/2023 19:01
5322;Renovação de registro - Controle ambiental;2.675.926,6;13481;1999;30/11/2023 19:01
5322;Renovação de registro - Controle ambiental;217.205;384;2000;30/11/2023 19:01
5322;Renovação de registro - Controle ambiental;22.676,2;79;2001;30/11/2023 19:01
5322;Renovação de registro - Controle ambiental;1.795,2;11;2002;30/11/2023 19:01
5322;Renovação de registro - Controle ambiental;386,5;2;2005;30/11/2023 19:01
6522;Renovação de registro Pesca - Embarcação peixe demersal;673,2;5;1998;30/11/2023 19:01
6522;Renovação de registro Pesca - Embarcação peixe demersal;5.464,1;38;1999;30/11/2023 19:01
6522;Renovação de registro Pesca - Embarcação peixe demersal;1.697,9;10;2000;30/11/2023 19:01
6522;Renovação de registro Pesca - Embarcação peixe demersal;1.843,4;3;2001;30/11/2023 19:01
6522;Renovação de registro Pesca - Embarcação peixe demersal;10.970,4;24;2002;30/11/2023 19:01
6522;Renovação de registro Pesca - Embarcação peixe demersal;759,6;3;2003;30/11/2023 19:01
6522;Renovação de registro Pesca - Embarcação peixe demersal;315,4;2;2004;30/11/2023 19:01
6522;Renovação de registro Pesca - Embarcação peixe demersal;4.462,6;21;2005;30/11/2023 19:01
6522;Renovação de registro Pesca - Embarcação peixe demersal;6.467,2;22;2006;30/11/2023 19:01
6522;Renovação de registro Pesca - Embarcação peixe demersal;2.413,4;15;2007;30/11/2023 19:01
6522;Renovação de registro Pesca - Embarcação peixe demersal;4.853,5;18;2008;30/11/2023 19:01
6522;Renovação de registro Pesca - Embarcação peixe demersal;253,3;1;2009;30/11/2023 19:01
3552;Renovação de registro da fauna;93.621,5;267;1997;30/11/2023 19:01
3552;Renovação de registro da fauna;94.306,2;792;1998;30/11/2023 19:01
3552;Renovação de registro da fauna;114.520,3;867;1999;30/11/2023 19:01
3552;Renovação de registro da fauna;35.301,3;165;2000;30/11/2023 19:01
3552;Renovação de registro da fauna;2.903,1;15;2001;30/11/2023 19:01
3552;Renovação de registro da fauna;400;1;2003;30/11/2023 19:01
3552;Renovação de registro da fauna;1.000;3;2004;30/11/2023 19:01
3552;Renovação de registro da fauna;8.198,4;19;2005;30/11/2023 19:01
3552;Renovação de registro da fauna;1.406,6;4;2006;30/11/2023 19:01
3552;Renovação de registro da fauna;13.333,6;32;2007;30/11/2023 19:01
3552;Renovação de registro da fauna;5.363,2;13;2008;30/11/2023 19:01
3552;Renovação de registro da fauna;3.894,9;9;2009;30/11/2023 19:01
3552;Renovação de registro da fauna;7.215;16;2010;30/11/2023 19:01
4552;Renovação de registro da flora;3.060.255,8;3831;1996;30/11/2023 19:01
4552;Renovação de registro da flora;16.310.449,4;46243;1997;30/11/2023 19:01
4552;Renovação de registro da flora;10.044.708,9;80069;1998;30/11/2023 19:01
4552;Renovação de registro da flora;10.667.240,1;71705;1999;30/11/2023 19:01
4552;Renovação de registro da flora;2.294.915,6;8942;2000;30/11/2023 19:01
4552;Renovação de registro da flora;1.185.198,1;4688;2001;30/11/2023 19:01
4552;Renovação de registro da flora;102.597,2;721;2002;30/11/2023 19:01
4552;Renovação de registro da flora;2.205;6;2003;30/11/2023 19:01
4552;Renovação de registro da flora;6.591,9;15;2004;30/11/2023 19:01
4552;Renovação de registro da flora;5.573,2;21;2005;30/11/2023 19:01
4552;Renovação de registro da flora;8.140,8;35;2006;30/11/2023 19:01
4552;Renovação de registro da flora;4.345,9;7;2007;30/11/2023 19:01
4552;Renovação de registro da flora;2.092,8;5;2008;30/11/2023 19:01
4552;Renovação de registro da flora;2.334,4;3;2009;30/11/2023 19:01
4552;Renovação de registro da flora;75,3;2;2012;30/11/2023 19:01
4552;Renovação de registro da flora;1.304;1;2013;30/11/2023 19:01
6352;Renovação de registro indústria da pesca;3.546,2;20;1997;30/11/2023 19:01
6352;Renovação de registro indústria da pesca;20.095,8;56;1998;30/11/2023 19:01
6352;Renovação de registro indústria da pesca;14.588,8;40;1999;30/11/2023 19:01
6352;Renovação de registro indústria da pesca;3.045;5;2000;30/11/2023 19:01
6352;Renovação de registro indústria da pesca;3.338,7;13;2001;30/11/2023 19:01
6352;Renovação de registro indústria da pesca;2.540,9;5;2005;30/11/2023 19:01
6352;Renovação de registro indústria da pesca;2.194,2;3;2008;30/11/2023 19:01
6352;Renovação de registro indústria da pesca;120,9;1;2009;30/11/2023 19:01
6352;Renovação de registro indústria da pesca;1.209,3;10;2010;30/11/2023 19:01
4392;Renovação de registro moto-serra - Proprietário;80;2;1997;30/11/2023 19:01
6412;Renovação de registro pesca - Animal aquático;7.875;83;1997;30/11/2023 19:01
6412;Renovação de registro pesca - Animal aquático;7.836,4;83;1998;30/11/2023 19:01
6412;Renovação de registro pesca - Animal aquático;6.842,6;97;1999;30/11/2023 19:01
6412;Renovação de registro pesca - Animal aquático;2.128;28;2000;30/11/2023 19:01
6412;Renovação de registro pesca - Animal aquático;2.304,6;19;2001;30/11/2023 19:01
6412;Renovação de registro pesca - Animal aquático;3.010,2;42;2002;30/11/2023 19:01
6412;Renovação de registro pesca - Animal aquático;214,7;1;2005;30/11/2023 19:01
6442;Renovação de registro pesca - Aquicultor;165;1;1996;30/11/2023 19:01
6442;Renovação de registro pesca - Aquicultor;8.236,1;75;1997;30/11/2023 19:01
6442;Renovação de registro pesca - Aquicultor;14.127,4;93;1998;30/11/2023 19:01
6442;Renovação de registro pesca - Aquicultor;24.876,3;133;1999;30/11/2023 19:01
6442;Renovação de registro pesca - Aquicultor;31.251,1;130;2000;30/11/2023 19:01
6442;Renovação de registro pesca - Aquicultor;35.657;122;2001;30/11/2023 19:01
6442;Renovação de registro pesca - Aquicultor;44.654,6;86;2002;30/11/2023 19:01
6442;Renovação de registro pesca - Aquicultor;36.153,4;59;2003;30/11/2023 19:01
6442;Renovação de registro pesca - Aquicultor;11.520,2;21;2004;30/11/2023 19:01
6442;Renovação de registro pesca - Aquicultor;2.093,9;15;2005;30/11/2023 19:01
6442;Renovação de registro pesca - Aquicultor;2.376,5;12;2006;30/11/2023 19:01
6442;Renovação de registro pesca - Aquicultor;8.720,6;24;2007;30/11/2023 19:01
6442;Renovação de registro pesca - Aquicultor;1.467,1;12;2008;30/11/2023 19:01
6442;Renovação de registro pesca - Aquicultor;3.130,1;1;2009;30/11/2023 19:01
6442;Renovação de registro pesca - Aquicultor;235,4;1;2012;30/11/2023 19:01
6422;Renovação de registro pesca - Armadores;1.176,7;11;1996;30/11/2023 19:01
6422;Renovação de registro pesca - Armadores;22.658,5;127;1997;30/11/2023 19:01
6422;Renovação de registro pesca - Armadores;41.256,8;244;1998;30/11/2023 19:01
6422;Renovação de registro pesca - Armadores;25.983,8;228;1999;30/11/2023 19:01
6422;Renovação de registro pesca - Armadores;38.465,2;253;2000;30/11/2023 19:01
6422;Renovação de registro pesca - Armadores;38.716,5;293;2001;30/11/2023 19:01
6422;Renovação de registro pesca - Armadores;25.828,3;196;2002;30/11/2023 19:01
6422;Renovação de registro pesca - Armadores;25.148,3;153;2003;30/11/2023 19:01
6422;Renovação de registro pesca - Armadores;21.261,1;148;2004;30/11/2023 19:01
6422;Renovação de registro pesca - Armadores;14.862;85;2005;30/11/2023 19:01
6422;Renovação de registro pesca - Armadores;5.703,6;34;2006;30/11/2023 19:01
6422;Renovação de registro pesca - Armadores;15.039,1;74;2007;30/11/2023 19:01
6422;Renovação de registro pesca - Armadores;11.730,5;64;2008;30/11/2023 19:01
6422;Renovação de registro pesca - Armadores;13.300,8;60;2009;30/11/2023 19:01
6422;Renovação de registro pesca - Armadores;12.587,2;14;2010;30/11/2023 19:01
6422;Renovação de registro pesca - Armadores;9.092,9;19;2011;30/11/2023 19:01
6422;Renovação de registro pesca - Armadores;2.344,5;9;2012;30/11/2023 19:01
6422;Renovação de registro pesca - Armadores;3.087,5;7;2013;30/11/2023 19:01
6422;Renovação de registro pesca - Armadores;15.286,7;6;2014;30/11/2023 19:01
6422;Renovação de registro pesca - Armadores;2.455,4;3;2015;30/11/2023 19:01
6422;Renovação de registro pesca - Armadores;1.580,6;5;2016;30/11/2023 19:01
6422;Renovação de registro pesca - Armadores;7.312,8;1;2019;30/11/2023 19:01
6422;Renovação de registro pesca - Armadores;4.245,6;1;2021;30/11/2023 19:01
6422;Renovação de registro pesca - Armadores;5.959;1;2022;30/11/2023 19:01
6432;Renovação de registro pesca - Clube / associação;307,5;1;1997;30/11/2023 19:01
6432;Renovação de registro pesca - Clube / associação;1.744,3;6;1998;30/11/2023 19:01
6432;Renovação de registro pesca - Clube / associação;3.485,6;27;1999;30/11/2023 19:01
6432;Renovação de registro pesca - Clube / associação;139,4;2;2000;30/11/2023 19:01
6472;Renovação de registro pesca - Embarcação armadilha lagosta;2.243,8;5;1997;30/11/2023 19:01
6472;Renovação de registro pesca - Embarcação armadilha lagosta;14.619,8;53;1998;30/11/2023 19:01
6472;Renovação de registro pesca - Embarcação armadilha lagosta;2.286,4;20;1999;30/11/2023 19:01
6472;Renovação de registro pesca - Embarcação armadilha lagosta;5.972,5;14;2000;30/11/2023 19:01
6472;Renovação de registro pesca - Embarcação armadilha lagosta;6.441,6;21;2001;30/11/2023 19:01
6472;Renovação de registro pesca - Embarcação armadilha lagosta;1.954;16;2002;30/11/2023 19:01
6472;Renovação de registro pesca - Embarcação armadilha lagosta;1.946,5;15;2003;30/11/2023 19:01
6472;Renovação de registro pesca - Embarcação armadilha lagosta;1.622,4;15;2004;30/11/2023 19:01
6472;Renovação de registro pesca - Embarcação armadilha lagosta;623,5;4;2005;30/11/2023 19:01
6472;Renovação de registro pesca - Embarcação armadilha lagosta;5.437,5;14;2007;30/11/2023 19:01
6472;Renovação de registro pesca - Embarcação armadilha lagosta;104,5;1;2008;30/11/2023 19:01
6472;Renovação de registro pesca - Embarcação armadilha lagosta;90,6;1;2009;30/11/2023 19:01
6472;Renovação de registro pesca - Embarcação armadilha lagosta;104,5;1;2010;30/11/2023 19:01
6472;Renovação de registro pesca - Embarcação armadilha lagosta;1.645,6;2;2016;30/11/2023 19:01
6452;Renovação de registro pesca - Embarcação arr. camarão rosa;717,2;4;1996;30/11/2023 19:01
6452;Renovação de registro pesca - Embarcação arr. camarão rosa;5.230;85;1997;30/11/2023 19:01
6452;Renovação de registro pesca - Embarcação arr. camarão rosa;760,2;3;1998;30/11/2023 19:01
6452;Renovação de registro pesca - Embarcação arr. camarão rosa;5.675,6;67;1999;30/11/2023 19:01
6452;Renovação de registro pesca - Embarcação arr. camarão rosa;8.963,1;67;2000;30/11/2023 19:01
6452;Renovação de registro pesca - Embarcação arr. camarão rosa;8.275;46;2001;30/11/2023 19:01
6452;Renovação de registro pesca - Embarcação arr. camarão rosa;8.238;28;2002;30/11/2023 19:01
6452;Renovação de registro pesca - Embarcação arr. camarão rosa;8.004;17;2005;30/11/2023 19:01
6452;Renovação de registro pesca - Embarcação arr. camarão rosa;4.581,8;13;2006;30/11/2023 19:01
6452;Renovação de registro pesca - Embarcação arr. camarão rosa;6.251,5;11;2007;30/11/2023 19:01
6452;Renovação de registro pesca - Embarcação arr. camarão rosa;2.470,8;2;2009;30/11/2023 19:01
6452;Renovação de registro pesca - Embarcação arr. camarão rosa;6.923,8;3;2011;30/11/2023 19:01
6512;Renovação de registro pesca - Embarcação camarão sudeste/sul;64,3;1;1996;30/11/2023 19:01
6512;Renovação de registro pesca - Embarcação camarão sudeste/sul;1.045,1;8;1998;30/11/2023 19:01
6512;Renovação de registro pesca - Embarcação camarão sudeste/sul;4.019,7;28;1999;30/11/2023 19:01
6512;Renovação de registro pesca - Embarcação camarão sudeste/sul;1.170,4;14;2000;30/11/2023 19:01
6512;Renovação de registro pesca - Embarcação camarão sudeste/sul;4.869,8;60;2001;30/11/2023 19:01
6512;Renovação de registro pesca - Embarcação camarão sudeste/sul;1.914,2;25;2002;30/11/2023 19:01
6512;Renovação de registro pesca - Embarcação camarão sudeste/sul;4.168;23;2003;30/11/2023 19:01
6512;Renovação de registro pesca - Embarcação camarão sudeste/sul;2.714,9;14;2004;30/11/2023 19:01
6512;Renovação de registro pesca - Embarcação camarão sudeste/sul;8.267,8;93;2005;30/11/2023 19:01
6512;Renovação de registro pesca - Embarcação camarão sudeste/sul;6.106,1;49;2006;30/11/2023 19:01
6512;Renovação de registro pesca - Embarcação camarão sudeste/sul;10.796,4;86;2007;30/11/2023 19:01
6512;Renovação de registro pesca - Embarcação camarão sudeste/sul;2.938,1;17;2008;30/11/2023 19:01
6512;Renovação de registro pesca - Embarcação camarão sudeste/sul;2.550,2;12;2009;30/11/2023 19:01
6512;Renovação de registro pesca - Embarcação camarão sudeste/sul;444,8;4;2010;30/11/2023 19:01
6512;Renovação de registro pesca - Embarcação camarão sudeste/sul;4.719,8;1;2011;30/11/2023 19:01
6512;Renovação de registro pesca - Embarcação camarão sudeste/sul;699,8;1;2021;30/11/2023 19:01
6502;Renovação de registro pesca - Embarcação cerco sardinha;1.154,6;11;1997;30/11/2023 19:01
6502;Renovação de registro pesca - Embarcação cerco sardinha;2.303,8;22;1998;30/11/2023 19:01
6502;Renovação de registro pesca - Embarcação cerco sardinha;15.522,7;140;1999;30/11/2023 19:01
6502;Renovação de registro pesca - Embarcação cerco sardinha;6.214,5;67;2000;30/11/2023 19:01
6502;Renovação de registro pesca - Embarcação cerco sardinha;5.838,2;53;2001;30/11/2023 19:01
6502;Renovação de registro pesca - Embarcação cerco sardinha;3.265,5;22;2002;30/11/2023 19:01
6502;Renovação de registro pesca - Embarcação cerco sardinha;4.195,5;16;2003;30/11/2023 19:01
6502;Renovação de registro pesca - Embarcação cerco sardinha;6.432,9;26;2004;30/11/2023 19:01
6502;Renovação de registro pesca - Embarcação cerco sardinha;7.460,9;41;2005;30/11/2023 19:01
6502;Renovação de registro pesca - Embarcação cerco sardinha;5.985;23;2006;30/11/2023 19:01
6502;Renovação de registro pesca - Embarcação cerco sardinha;12.588,9;35;2007;30/11/2023 19:01
6502;Renovação de registro pesca - Embarcação cerco sardinha;7.640,2;28;2008;30/11/2023 19:01
6502;Renovação de registro pesca - Embarcação cerco sardinha;6.106,4;36;2009;30/11/2023 19:01
6492;Renovação de registro pesca - Embarcação lagosta pargo;1.669,9;9;1998;30/11/2023 19:01
6542;Renovação de registro pesca - Embarcação outros crustáceos;562,5;5;1997;30/11/2023 19:01
6542;Renovação de registro pesca - Embarcação outros crustáceos;749;10;1998;30/11/2023 19:01
6542;Renovação de registro pesca - Embarcação outros crustáceos;1.238,1;21;1999;30/11/2023 19:01
6542;Renovação de registro pesca - Embarcação outros crustáceos;55,2;1;2000;30/11/2023 19:01
6542;Renovação de registro pesca - Embarcação outros crustáceos;1.271,4;6;2002;30/11/2023 19:01
6542;Renovação de registro pesca - Embarcação outros crustáceos;150,4;2;2003;30/11/2023 19:01
6542;Renovação de registro pesca - Embarcação outros crustáceos;174,5;1;2005;30/11/2023 19:01
6532;Renovação de registro pesca - Embarcação outros peixes;3.210,2;25;1996;30/11/2023 19:01
6532;Renovação de registro pesca - Embarcação outros peixes;4.194,4;25;1997;30/11/2023 19:01
6532;Renovação de registro pesca - Embarcação outros peixes;9.098,8;90;1998;30/11/2023 19:01
6532;Renovação de registro pesca - Embarcação outros peixes;11.377,2;98;1999;30/11/2023 19:01
6532;Renovação de registro pesca - Embarcação outros peixes;7.160,5;66;2000;30/11/2023 19:01
6532;Renovação de registro pesca - Embarcação outros peixes;16.317,4;184;2001;30/11/2023 19:01
6532;Renovação de registro pesca - Embarcação outros peixes;10.396,6;107;2002;30/11/2023 19:01
6532;Renovação de registro pesca - Embarcação outros peixes;10.790,6;63;2003;30/11/2023 19:01
6532;Renovação de registro pesca - Embarcação outros peixes;13.763,5;92;2004;30/11/2023 19:01
6532;Renovação de registro pesca - Embarcação outros peixes;24.347,9;308;2005;30/11/2023 19:01
6532;Renovação de registro pesca - Embarcação outros peixes;14.923,6;147;2006;30/11/2023 19:01
6532;Renovação de registro pesca - Embarcação outros peixes;19.124,7;116;2007;30/11/2023 19:01
6532;Renovação de registro pesca - Embarcação outros peixes;15.081,9;109;2008;30/11/2023 19:01
6532;Renovação de registro pesca - Embarcação outros peixes;17.245,6;63;2009;30/11/2023 19:01
6532;Renovação de registro pesca - Embarcação outros peixes;1.839,6;3;2010;30/11/2023 19:01
6532;Renovação de registro pesca - Embarcação outros peixes;1.237,4;6;2011;30/11/2023 19:01
6532;Renovação de registro pesca - Embarcação outros peixes;537,2;6;2013;30/11/2023 19:01
6532;Renovação de registro pesca - Embarcação outros peixes;5.081,6;15;2014;30/11/2023 19:01
6532;Renovação de registro pesca - Embarcação outros peixes;2.231;2;2015;30/11/2023 19:01
6532;Renovação de registro pesca - Embarcação outros peixes;11.244;1;2018;30/11/2023 19:01
6532;Renovação de registro pesca - Embarcação outros peixes;936,9;6;2021;30/11/2023 19:01
1249;Restituição;51.137,2;5;1996;30/11/2023 19:01
1249;Restituição;449,4;3;1997;30/11/2023 19:01
1249;Restituição;166.808,1;59;1998;30/11/2023 19:01
1249;Restituição;918.106,5;161;1999;30/11/2023 19:01
1249;Restituição;303.084,5;97;2000;30/11/2023 19:01
1249;Restituição;187.812,2;53;2001;30/11/2023 19:01
1249;Restituição;124.826,5;43;2002;30/11/2023 19:01
1249;Restituição;52.461,9;23;2003;30/11/2023 19:01
1249;Restituição;101.546,8;42;2004;30/11/2023 19:01
1249;Restituição;21.326;72;2005;30/11/2023 19:01
1249;Restituição;144.902,4;79;2006;30/11/2023 19:01
1249;Restituição;211.333,2;101;2007;30/11/2023 19:01
1249;Restituição;250.042,2;146;2008;30/11/2023 19:01
1249;Restituição;280.828,2;173;2009;30/11/2023 19:01
1249;Restituição;224.054,1;152;2010;30/11/2023 19:01
1249;Restituição;672.644,7;86;2011;30/11/2023 19:01
1249;Restituição;146.982,1;265;2012;30/11/2023 19:01
1249;Restituição;998.567,1;482;2013;30/11/2023 19:01
1249;Restituição;1.589.392;697;2014;30/11/2023 19:01
1249;Restituição;1.915.532,6;867;2015;30/11/2023 19:01
1249;Restituição;1.855.837,6;926;2016;30/11/2023 19:01
1249;Restituição;2.871.596;968;2017;30/11/2023 19:01
1249;Restituição;1.161.231,8;894;2018;30/11/2023 19:01
1249;Restituição;709.229,1;854;2019;30/11/2023 19:01
1249;Restituição;934.868,4;849;2020;30/11/2023 19:01
1249;Restituição;784.985,7;997;2021;30/11/2023 19:01
1249;Restituição;740.807;1217;2022;30/11/2023 19:01
1249;Restituição;822.316,1;1161;2023;30/11/2023 19:01
1243;Restituição funcionário cedido;12.646,9;23;1998;30/11/2023 19:01
1243;Restituição funcionário cedido;16.073,1;20;1999;30/11/2023 19:01
1243;Restituição funcionário cedido;112.795,6;42;2000;30/11/2023 19:01
1243;Restituição funcionário cedido;977.254,5;102;2001;30/11/2023 19:01
1243;Restituição funcionário cedido;549.127,3;108;2002;30/11/2023 19:01
1243;Restituição funcionário cedido;180.498,1;47;2003;30/11/2023 19:01
1243;Restituição funcionário cedido;671.159,7;131;2004;30/11/2023 19:01
1243;Restituição funcionário cedido;1.390.271,5;208;2005;30/11/2023 19:01
1243;Restituição funcionário cedido;2.569.299,1;400;2006;30/11/2023 19:01
1243;Restituição funcionário cedido;1.537.359;266;2007;30/11/2023 19:01
1243;Restituição funcionário cedido;1.577.318,9;282;2008;30/11/2023 19:01
1243;Restituição funcionário cedido;1.293.740,8;204;2009;30/11/2023 19:01
1243;Restituição funcionário cedido;1.666.980,2;223;2010;30/11/2023 19:01
1243;Restituição funcionário cedido;2.255.413,2;227;2011;30/11/2023 19:01
1243;Restituição funcionário cedido;1.890.642,9;205;2012;30/11/2023 19:01
1243;Restituição funcionário cedido;1.078.339,4;126;2013;30/11/2023 19:01
1243;Restituição funcionário cedido;3.986,2;26;2014;30/11/2023 19:01
1243;Restituição funcionário cedido;14.673,8;16;2015;30/11/2023 19:01
1243;Restituição funcionário cedido;17.062,9;11;2016;30/11/2023 19:01
1243;Restituição funcionário cedido;54.590,7;16;2017;30/11/2023 19:01
1243;Restituição funcionário cedido;3.135,3;14;2018;30/11/2023 19:01
1243;Restituição funcionário cedido;2.843,6;10;2019;30/11/2023 19:01
1243;Restituição funcionário cedido;2.837,3;12;2020;30/11/2023 19:01
1243;Restituição funcionário cedido;16.143,3;18;2021;30/11/2023 19:01
1243;Restituição funcionário cedido;32.818,3;3;2023;30/11/2023 19:01
1287;Serviços administrativos diversos;444,6;9;1998;30/11/2023 19:01
1287;Serviços administrativos diversos;3.294,9;16;1999;30/11/2023 19:01
1287;Serviços administrativos diversos;24.343,9;8;2000;30/11/2023 19:01
1787;Serviços administrativos diversos;26;1;2000;30/11/2023 19:01
1787;Serviços administrativos diversos;1.056,1;1;2001;30/11/2023 19:01
1287;Serviços administrativos diversos;5.190;10;2002;30/11/2023 19:01
1287;Serviços administrativos diversos;4.983,9;30;2003;30/11/2023 19:01
1287;Serviços administrativos diversos;20.310,6;64;2004;30/11/2023 19:01
1287;Serviços administrativos diversos;13.774,4;60;2005;30/11/2023 19:01
1287;Serviços administrativos diversos;2.759,7;8;2006;30/11/2023 19:01
1287;Serviços administrativos diversos;794,6;2;2007;30/11/2023 19:01
1287;Serviços administrativos diversos;3.959;8;2008;30/11/2023 19:01
1287;Serviços administrativos diversos;136,6;1;2009;30/11/2023 19:01
1287;Serviços administrativos diversos;296,5;2;2012;30/11/2023 19:01
1287;Serviços administrativos diversos;474,1;1;2013;30/11/2023 19:01
1287;Serviços administrativos diversos;1.480,7;5;2014;30/11/2023 19:01
1287;Serviços administrativos diversos;17.497,8;7;2015;30/11/2023 19:01
1287;Serviços administrativos diversos;6.704,5;3;2016;30/11/2023 19:01
1287;Serviços administrativos diversos;15.801,1;16;2017;30/11/2023 19:01
1287;Serviços administrativos diversos;52.894,2;22;2018;30/11/2023 19:01
1287;Serviços administrativos diversos;25.892;36;2019;30/11/2023 19:01
1287;Serviços administrativos diversos;5.866,6;17;2020;30/11/2023 19:01
1287;Serviços administrativos diversos;22.677,2;14;2021;30/11/2023 19:01
1287;Serviços administrativos diversos;9.405,3;13;2022;30/11/2023 19:01
1287;Serviços administrativos diversos;2.888,8;6;2023;30/11/2023 19:01
3567;Serviços diversos;550;2;2003;30/11/2023 19:01
3287;Serviços diversos da fauna;100;1;1998;30/11/2023 19:01
4287;Serviços técnicos - LPF;55;1;1996;30/11/2023 19:01
4287;Serviços técnicos - LPF;430,8;7;2001;30/11/2023 19:01
4287;Serviços técnicos - LPF;245,5;2;2010;30/11/2023 19:01
4287;Serviços técnicos - LPF;9.529,3;5;2016;30/11/2023 19:01
4287;Serviços técnicos - LPF;435,6;2;2017;30/11/2023 19:01
5584;Taxa de controle e fiscalização ambiental;875;1;1998;30/11/2023 19:01
5584;Taxa de controle e fiscalização ambiental;386,9;3;1999;30/11/2023 19:01
5584;Taxa de controle e fiscalização ambiental;1.012,6;6;2000;30/11/2023 19:01
5584;Taxa de controle e fiscalização ambiental;30.379.010,2;73719;2001;30/11/2023 19:01
5584;Taxa de controle e fiscalização ambiental;61.154.087,1;163307;2002;30/11/2023 19:01
5584;Taxa de controle e fiscalização ambiental;66.302.511;174262;2003;30/11/2023 19:01
5584;Taxa de controle e fiscalização ambiental;79.071.028,3;181897;2004;30/11/2023 19:01
5584;Taxa de controle e fiscalização ambiental;94.571.702,3;228895;2005;30/11/2023 19:01
5584;Taxa de controle e fiscalização ambiental;111.837.342,4;273623;2006;30/11/2023 19:01
5584;Taxa de controle e fiscalização ambiental;146.524.821,6;320068;2007;30/11/2023 19:01
5584;Taxa de controle e fiscalização ambiental;163.359.739,9;360412;2008;30/11/2023 19:01
5584;Taxa de controle e fiscalização ambiental;189.142.602,8;409760;2009;30/11/2023 19:01
5584;Taxa de controle e fiscalização ambiental;158.682.324,4;388096;2010;30/11/2023 19:01
5584;Taxa de controle e fiscalização ambiental;130.953.307,2;328381;2011;30/11/2023 19:01
5584;Taxa de controle e fiscalização ambiental;191.749.476,5;405303;2012;30/11/2023 19:01
5584;Taxa de controle e fiscalização ambiental;216.961.615,4;448663;2013;30/11/2023 19:01
5584;Taxa de controle e fiscalização ambiental;222.360.404,1;442832;2014;30/11/2023 19:01
5584;Taxa de controle e fiscalização ambiental;251.116.693,2;474495;2015;30/11/2023 19:01
5584;Taxa de controle e fiscalização ambiental;456.964.505,1;451380;2016;30/11/2023 19:01
5584;Taxa de controle e fiscalização ambiental;487.394.286,1;436724;2017;30/11/2023 19:01
5584;Taxa de controle e fiscalização ambiental;521.704.833,8;455188;2018;30/11/2023 19:01
5584;Taxa de controle e fiscalização ambiental;569.191.627,1;476930;2019;30/11/2023 19:01
5584;Taxa de controle e fiscalização ambiental;539.629.538,5;467416;2020;30/11/2023 19:01
5584;Taxa de controle e fiscalização ambiental;595.518.776,2;502832;2021;30/11/2023 19:01
5584;Taxa de controle e fiscalização ambiental;656.022.723,4;519856;2022;30/11/2023 19:01
5584;Taxa de controle e fiscalização ambiental;707.476.269,6;539046;2023;30/11/2023 19:01
5584;Taxa de controle e fiscalização ambiental;760,7;1;2929;30/11/2023 19:01
5055;Taxa de vistoria dos proprietários rurais/ADA;3.757.100;14727;2005;30/11/2023 19:01
5055;Taxa de vistoria dos proprietários rurais/ADA;467.005,5;1215;2006;30/11/2023 19:01
5055;Taxa de vistoria dos proprietários rurais/ADA;1.875,1;4;2007;30/11/2023 19:01
5055;Taxa de vistoria dos proprietários rurais/ADA;24,5;1;2008;30/11/2023 19:01
5055;Taxa de vistoria dos proprietários rurais/ADA;573,4;1;2018;30/11/2023 19:01
5055;Taxa de vistoria dos proprietários rurais/ADA;957,3;1;2023;30/11/2023 19:01
4568;Venda de produto da flora;4.677,9;9;1997;30/11/2023 19:01
4568;Venda de produto da flora;1.251,8;7;1998;30/11/2023 19:01
4568;Venda de produto da flora;1.502,8;3;1999;30/11/2023 19:01
4568;Venda de produto da flora;499,2;1;2000;30/11/2023 19:01
4568;Venda de produto da flora;732,6;1;2007;30/11/2023 19:01
4568;Venda de produto da flora;8.197,7;9;2008;30/11/2023 19:01
4568;Venda de produto da flora;13.146,5;12;2009;30/11/2023 19:01
4568;Venda de produto da flora;1.085,6;1;2010;30/11/2023 19:01
4568;Venda de produto da flora;27.829,4;1;2012;30/11/2023 19:01
4568;Venda de produto da flora;1.516,2;1;2016;30/11/2023 19:01
4055;Vistoria da flora;9.837;14;1996;30/11/2023 19:01
4055;Vistoria da flora;8.594,5;28;1997;30/11/2023 19:01
4055;Vistoria da flora;93.088,7;38;1998;30/11/2023 19:01
4055;Vistoria da flora;19.059,3;32;1999;30/11/2023 19:01
4055;Vistoria da flora;162.932,9;423;2000;30/11/2023 19:01
4055;Vistoria da flora;263.939,6;742;2001;30/11/2023 19:01
4055;Vistoria da flora;259.429,7;771;2002;30/11/2023 19:01
4055;Vistoria da flora;324.079,6;857;2003;30/11/2023 19:01
4055;Vistoria da flora;230.621,3;692;2004;30/11/2023 19:01
4055;Vistoria da flora;260.347,3;662;2005;30/11/2023 19:01
4055;Vistoria da flora;103.426,7;272;2006;30/11/2023 19:01
4055;Vistoria da flora;35.044,4;77;2007;30/11/2023 19:01
4055;Vistoria da flora;13.824,7;21;2008;30/11/2023 19:01
4055;Vistoria da flora;6.106,9;8;2009;30/11/2023 19:01
4055;Vistoria da flora;273,1;2;2010;30/11/2023 19:01
4055;Vistoria da flora;241,9;1;2012;30/11/2023 19:01
4055;Vistoria da flora;162,2;1;2013;30/11/2023 19:01
4055;Vistoria da flora;2.820,8;5;2014;30/11/2023 19:01
4055;Vistoria da flora;4.171,6;5;2015;30/11/2023 19:01
4055;Vistoria da flora;735,1;2;2016;30/11/2023 19:01
4055;Vistoria da flora;489,1;1;2017;30/11/2023 19:01
4055;Vistoria da flora;244,2;3;2019;30/11/2023 19:01
4055;Vistoria da flora;1.071,4;1;2023;30/11/2023 19:01
